rank,seller_id,title,slug,products_seen
1,22221,Кунай,naruto,5366
2,84138,Академия Игр,akademiaigr,2106
3,81893,FBS ООО «Джой Групп» FBS,joy-joy2,1996
4,77417,Ultra Toys,ultra-toys,1709
5,82540,Удачная Тема,udachnayatematop,1564
6,36131,Sima-Express,sima-express,1321
7,57058,OYLAA!,oylaa,1158
8,8382,ExclusiveGOODS,exclusivegoods,971
9,15625,LEGO,lego,952
10,15666,BUDI BASA,budibasa,905
11,63625,ТМ Технопарк,tehnopark,890
12,8760,НеИгрушки.рф,notoy,882
13,63609,Играем вместе,igraem-vmeste,865
14,16685,Магазин детских товаров Ассорти,assorty,863
15,23517,ПЛАНЕТА ДЕТСТВА,planetadetstva,789
16,36681,"Мастерская ""ПЕТЕЛЬКА""",masterska-petelka,670
17,36282,АЗБУКА,azb,623
18,78800,Рыжий кот_товары для детей,redcat-toys,575
19,71433,Мультимагазин,multistoremm,574
20,40319,Игрушечный,igrushechny,564
21,74668,ТОЙС ТОЙС,toys-toys,558
22,51738,MALVINASHOP,malvinashop,553
23,44645,Build and play,b-and-p,539
24,65101,Милашки,milashki,538
25,38982,CARAMEL-KA,caramel-ka,508
26,98,Магазин детских развивающих игрушек,wow,496
27,17265,Happy family,happyfamily2021,489
28,72757,LOOT BOX,lootbox,485
29,15814,1 Toy,1toy,465
30,21833,Besttoys,besttoys,461
31,76675,Весёлое детство,veseloe-detstvo,441
32,63394,Миминёнок&Rorg_L2,miminenok-rorgl2,438
33,32929,Let start!,letstart,432
34,42089,LandJoy,landjoy,418
35,85511,Инвентив Тойз,inventivtoys,413
36,54255,САМСОН,samson555,397
37,64798,ТМ Карапуз,tmkarapuz,396
38,66646,Nerdvana,nerdvana,391
39,63382,ЭлАкс&Rorg_L2,elax-rorgl2,378
40,66634,Detki-tut,detki-tut,370
41,55908,Toys37,ivtoys37,355
42,34580,НИКАРИШ,nikarisha,353
43,79991,DigiDash,dididash,347
44,9180,Luchik-toys,luchik-toys,345
45,56329,Аязофф,ayazoff,345
46,17885,Лилия,liliya,343
47,63393,ПаРаДоКс&Rorg_L2,paradox-rorgl2,343
48,27281,Симба Тойз Рус,simba,332
49,66705,my b@by,mybaby1,319
50,249,"Теперь умею! I ""Магазин развивающих игрушек""",pantera,317
51,73090,Nanotovar,nanotovar,316
52,17382,МирХобби,mirhobby,315
53,43021,SHOP016,shop016,314
54,47927,КиндерЛэнд,kinderland,310
55,16367,"Штучки, к которым тянутся ручки",shtuchki-k-kotorym-tyanutsya-ruchki,308
56,16100,УМКА,umka,300
57,25908,KUKU Kids,kuku,256
58,28064,World of joy,worldofjoy,253
59,78755,All kids toys,all-kids-toys,252
60,82037,Свежий ветер,freshwind,252
61,76468,Chicco Official Store,chiccoofficialstore,251
62,20031,Море Шаров,httpswwwinstagramcommoresharov16hlru,251
63,64796,ТМ «Город мастеров»,tmgorod,244
64,38280,Крошка Мания,fiestalife,238
65,36714,У ПеТрОвИчА,petr0vi4,232
66,63605,Технодрайв,tehnodraiv,229
67,29093,Almaz Game,almazgame,228
68,19326,REBYATKI,rebyatki,227
69,81341,3DMAGICToys,3dmt,220
70,26480,GameBox,gamebox,216
71,48019,Toy's store,toys-store,212
72,8119,Магазин СПЛ-Техник Рус,spltechnikrus,206
73,63610,Мульти-Пульти игрушки,mylti-igra,206
74,76478,ООО БЛАГОДАРЮ,bmgroup,201
75,52755,Мякиши,myakishi,198
76,79452,Magnit Market Toys,mmtoys,195
77,73606,Biggies,biggies,194
78,13668,КомФорте,comf,193
79,15813,Полесье,woodland,188
80,22156,МАССПОРТ,masport,187
81,67022,AltairTOYS,altairtoys,186
82,81512,Stumble Guys,stumbleguys,184
83,76177,Официальный магазин Н.В. Кунцов,19920501,184
84,72409,Детки рулят,detkirulyat,180
85,40952,Хижина чудес,mysteryshack,179
86,10640,Антошка,antstore,178
87,18558,РАЗВИВАШКА,razvivashka,178
88,27763,Lyubimka,lyubimka,175
89,4386,Lilitopia,lilitopia,170
90,36530,ТИГРИК - развивающие игрушки,tigrik-toys,168
91,20547,"Абумба, с заботой о малышах",babyoptgroup,166
92,75762,Florida,florida,165
93,180,Sun Market ,sun-market,162
94,78578,Фирменный магазин бренда BONDIBON,bondibon,160
95,15634,НЕСКУЧНЫЕ ИГРЫ,neskuchnyyeigry,159
96,28298,YOUR HERO [ё хиро]-твой герой,yourhero,157
97,55190,Мягкие и милые игрушки Budi Basa,budi-basa,150
98,84034,РОСМЭН-официальный магазин,rosmen,146
99,70840,Волшебный мир игрушек,toysworld,144
100,31615,lifely,lifely,140
101,14017,grat-toys.ru,grat-toys-ru,139
102,23748,SHOP OF WONDERS,shopofwonders,139
103,55552,FANСY,fancy1,137
104,73564,ZURU,zuru,136
105,23758,"ХитТОЙ - игрушки и подарки, которые хотят не только дети, но и их родители",hittoy,136
106,77115,Among Us,amongus,131
107,3291,Qunity - магазин развивающих игрушек,q,131
108,84014,Dream maker,dreammaker,130
109,37737,KIDS DREAMS,kidsdreams,124
110,143,Скороход,skorok,124
111,16234,"Nerf, мячи, машинки и др. - Детский мир",toy-s,124
112,19348,medvedivkazani.ru,medvedivkazani,124
113,60837,BeautyGoods,beautygoods,122
114,15482,SuperGame,supergame,121
115,4463,bala,balakzn,119
116,39261,BaiDoro,baidoro,118
117,21761,У Софьи,sof,117
118,85489,НЕСКУЧНЫЕ ИГРЫ - официальный магазин,neskuchnyeigry,114
119,26659,100500,100500,114
120,76559,CareProff,careproff,114
121,13369,Яшка,yashka,113
122,16071,MaxPlace,maxplace,112
123,1080,ОФИЦИАЛЬНЫЙ МАГАЗИН MILATERIA,milateria,112
124,77041,Любимые дети,lovekids74,109
125,40474,MINIBrand,minibrand,108
126,1115,МИШКА ТИШКА,mishka-tishka,104
127,13889,ИгроМир,igromir,103
128,20731,Всезнайка,vseznaika,102
129,7836,Detki too,detkitoo,102
130,77117,Funky Toys,funkytoys,101
131,67343,mamagoods,mamagoods,100
132,77209,SIMPATICA,sca,100
133,69650,Little Shop18,littleshop18,99
134,72668,NABI STORE,nabistore,98
135,41165,Wolf Forest,wolfforest,98
136,25361,Детский Квартал,detskiykvartal,97
137,17579,Подарки от Совушки,sovushka,96
138,25787,Серый кот,little-cat,96
139,81840,До Луны и обратно,dolunsiobratno,96
140,75416,Официальный магазин QBRIX-MOZABRICK,qbrix-mozabrick,93
141,24932,Friends,friends,92
142,75023,Sezon4ik,sezon4ik,92
143,80648,Миленд,miland,89
144,22424,Фантазёр - детские товары и игрушки,fantazer,89
145,67511,Magical Mirai,magicalmirai,88
146,80199,Play Okay,playokay,87
147,56974,Prince&Princess,princeprincess,86
148,6271,PRESENT,present,86
149,28000,ДИСКАУНТЕР ваших любимых товаров.,marketspace,86
150,11946,izi shop,izishop,86
151,66537,Лайфхак-SHOP01,00001,86
152,79641,BubblePops,bubblepops,84
153,80226,Экомыло3д,eko3d,82
154,76950,DLED Store,dled-store,82
155,76575,МЕГАОПТОВИК,megaoptovik,82
156,71867,GoldenMix,gold137,81
157,32911,Hasbro Gaming,hasbrogaming,80
158,70193,Magikhobby,magikhobby,80
159,55902,Детский квартал 24,dc24,79
160,35067,Тигрёнок,tigrenok,79
161,7149,"""Умнов""- магазин развивающих игрушек от 0 -99 лет",umnovtoys,78
162,63607,УМка игрушки,umkaigra,78
163,11927,"""Тутси"" фабрика игрушек",tutci,78
164,22206,Томми,tommishop116,78
165,46664,Malishka Milashka,milashka10,78
166,25639,TRENDY_SHOP,trendyshops,77
167,11692,Монтессори метод,mmetod,76
168,15267,Kinderie,kinderie,76
169,43797,For you and not only,73-for-you,76
170,61980,Конструктор,konstruktor,76
171,80721,Товары для счастья,tovaridlyasch,76
172,18296,Kidfan,kidfan,74
173,5215,Levitress,levi,74
174,74187,MULTILAND,multiland1,74
175,8510,КАНЦЕЛЯРКА,kanzburo1,73
176,16255,Магазин для детей,igrushkidetyam,72
177,19740,Arisha,arisha,72
178,86911,Мир в 3Д,mirv3d,72
179,75807,MiniShop02,022015,71
180,7815,Магникон,mk-2020,71
181,17617,Trendy Toys,trendytoys180318,70
182,60379,КОЛОБОК,colobok,70
183,9574,малINка,in,70
184,41201,Happy Elephant,happyelephant,70
185,28935,КИНДЕР ПЛЮС,kinderplus,69
186,40701,Golden Kid's,goldapple,68
187,35174,Aks-store,aks-store,68
188,36781,Boost,boostshop,68
189,8790,Arma.toys,armatoys,68
190,21526,SoDaRu,sodaru,68
191,46716,Грибная Корова,gribnoyakorova,68
192,78073,ТМ Буратино,buratino,67
193,5721,Пекин74,pekin74,66
194,77393,ТМ «Мой питомец»,moy-pitomec,66
195,76426,Alatoys,alatoys1,64
196,52760,Stellar,stellarr,64
197,29966,RAIN,rainn,64
198,25602,Cariro,cariro,64
199,81127,Lisciani,lisciani,64
200,54565,twentyone,twentyone,64
201,76438,SR Store,srstore,63
202,23009,Cavy,cavy,63
203,81513,Brawl Stars,brawlstars,62
204,50289,СOLOR Si,color-si,60
205,21564,Чебурашка,cheburashka,60
206,85539,Крутой Замес,krutoyzames,59
207,74146,Домашние удобства,homecomforts,58
208,74426,GULLIVER TOYS,gullivertoys,57
209,42599,BabyZvonn,babyz,57
210,67227,LEONSHOP,leo2020,57
211,75481,Kid Rocks,kidrocks,56
212,83481,LUMICUBE,lumicube,56
213,84141,ТЕБЕ ИГРУШКА,tebe-igrushka,56
214,44084,TOYZZ.SHOP,toyzz,56
215,27056,Волна Позитва,volnapozitiva,56
216,57468,Лафа,laf,55
217,18656,Folden,folden,54
218,13547,"frichi - товары для слаймига, подарки, сладости.",frichi,54
219,7762,ND Play,ndplay,54
220,32388,UseFull,usefull,54
221,85790,3D Мания,0903,53
222,42531,Молния,molni,52
223,40328,Нормально делай - Нормально будет,normalnodelay-normalnobydet,52
224,5869,BertToys,berttoys,52
225,27401,ЮНИТРЭЙН,unitrain1,52
226,74585,ТМ МАСТЕР,tmmaster,52
227,43840,TaT-Shop,tat-shop116,51
228,13801,Десятое королевство,desyatoyekorolevstvo,51
229,26649,ГРАНАТ,granat116,50
230,6689,Магазин игрушек Green Plast,greenplast,50
231,67489,Fancy Baby,fancybaby,50
232,70406,BuildCraft,buildcraft,50
233,14387,Naruto shop,narutoshop,49
234,4748,1000 THINGS,100,49
235,79636,Мекардбол,mekardbol,48
236,41986,ШОПИК,shopik,48
237,17047,ИГ РAЙ,gameparadise,48
238,40447,Store37,store37,48
239,71452,Di&R,diandr,48
240,31056,Light Story,lightstory,48
241,66758,RetroWorld,retroworld,47
242,10963,ЭврикиSTORE,evriki,46
243,18226,Mi-нем урам,miuram,46
244,7668,ТoSё,tose,46
245,14392,FANZO.STORE,fanzo,45
246,25743,Мы Играем,weplay,44
247,32530,Mr.Shop,mrshop,44
248,3887,Степашка,stepa,44
249,72132,MalDina Kids,balalaika,43
250,6045,Dam Dom,damdom,43
251,56086,Дикобраз,dikobraz,42
252,39860,Антарес,antares777,42
253,28631,FunHello,funhello,42
254,11669,MUMA,muma,42
255,5383,УЕН.ТАТАР,uentatar,42
256,73605,Baby Gemmy,babygemmy,42
257,73829,SkyFirst,skyfirst,42
258,60102,Лего мир,legoworld,42
259,8276,H!T,hit,42
260,74575,ProMarket58,promarket58,42
261,74870,OleToys,oletoys,42
262,7887,Декоратор - товары на все случаи жизни,dekorator,42
263,52441,WorldPrice,worldprice,41
264,25185,BUMBLEBEE,bumblebee,41
265,3274,UNIWOOD,uniwoodshop,40
266,17684,Мишутка,mishutkatoys,40
267,41155,BaBy_BOOM:),baby3,40
268,44046,КАНЦПАР,canpar,40
269,17015,N-Market,n-market,40
270,77433,РазвиВаня,razvivay,40
271,22489,el-ekb,el-ekb,40
272,77094,Positive Emotion,positiveemotion,40
273,68411,Веб-супермаркет стильных товаров для дома и отдыха,allios-td,39
274,76689,"ООО ""ХэппиЛенд""",httpshappy-landscom,39
275,57786,Funny Games,funnygames,38
276,37730,Kroshka Antoshka,kroshkaantoshka16,38
277,67654,Perfect Shopping,rd,38
278,26545,Imall-toys - Магазин игрушек для детей,itoys,38
279,25382,Антистресс магазин,antistress,38
280,30175,CORNER_SHOP,corner,38
281,25877,ПРОФИТ,profit-zip,38
282,18224,POPit - анститресс игрушки,popit,38
283,56581,OktShop2,oktshop2,38
284,82622,Лабубу,labubu,38
285,73607,Crackin’ Eggs,crackineggs,38
286,85964,Dr.Ortman,dr-ortman,38
287,19084,Maxitoys,maxitoys,38
288,32393,Home is,homeis,38
289,78082,IQ Эксперимент,iqexperiment,37
290,14202,"""Восторг""",vostorg1,37
291,18496,good toys,goodtoys,37
292,67962,BravoBambino,bravobambino,36
293,27959,Quality_shop,magnolia,36
294,39030,Детские эмоции,igrushki-deti,36
295,8225,Олень_и_Vodka,olenevodka,36
296,52687,Bauеr,bayer,36
297,26705,ВЕСНА фабрика игрушек,vesnatoys,36
298,32415,ZaCчастье,zaschastye,36
299,37526,UPGRAUNDE,upgraunde,36
300,79640,Cotton Candykins,cottoncandykins,36
301,21519,AnRen,887anren,36
302,70852,ORBISTRIKE,orbistrike,35
303,26445,BabyMi,babymi,35
304,479,Online Store,online-store,35
305,9212,Дисконт,dom,35
306,67842,KAMA_YS,kamays,35
307,53634,Baby shop.,babys,34
308,60581,ArToday,artoday,34
309,56944,Рыбаки-путешественники,rybak,34
310,61254,Буратино,18031995,34
311,19193,SKIBIDI TOYS,skibiditoys,34
312,29048,GIZHOME,gizhome,34
313,30814,ToysCore,toyscore,34
314,15672,Hot Wheels,hotwheels,34
315,7080,BalaToys,balatoys,34
316,25509,Wizard,wizard,34
317,23718,Toy*store,toystore1,34
318,42682,Детский уголок,kidstoys716,34
319,46310,вмагазине,vmagazine,34
320,78083,LIKEE GIRL,likeegirl,34
321,81457,MagicPrint,180522,34
322,76541,Noon store,noonstore,34
323,13425,МАКСИ,maksi,34
324,28424,Анимешка,animeshka,34
325,887,МОЗАЮШКИ,mozaushki,34
326,19754,GHStore,324557,33
327,37725,Марьям,mariam,33
328,77183,"""Мягкие лапки""",softpaws,33
329,46838,kidsland,kidsland,32
330,61420,Малышкин дом,maldom,32
331,79262,PULSE,pulse,32
332,20945,ToyStars,toystars,32
333,25119,TIMALKY CHILD,163,32
334,21785,SLIM,slim,32
335,21806,Слоник,slonik,32
336,58820,Игромаг,igromag,32
337,26130,sezon96,sezon96,32
338,74332,Бумбарам,bumbaram,32
339,24216,КРУГОЗОР,krugozor,32
340,34023,Киндер гений,kindergenius,32
341,5483,БэстЛайк,bestlike,32
342,16681,Lilam,lilam,32
343,30041,FIZZICA,toysshop,32
344,21459,TiMall,timall,32
345,75085,SmartRetail Москва,74249,32
346,12682,Марич,marich,31
347,19181,Плюшкины,kres,31
348,31773,С любовью,3112,31
349,20658,Татой,tatoy1,30
350,4793,Шаман,spetsdevice,30
351,80556,Mattel,mattel,30
352,39698,МИШКА КИДС,mishka-kids,30
353,81128,Отважные дракончики,dragonsguardian,30
354,33829,kids_room,kids-room,30
355,69880,Yasar,yasar-easily,30
356,37663,ONE TOYS,onetoys,30
357,4779,77 игрушек,77igrushek,28
358,63009,Техника детства,tehnika,28
359,22667,Polesie,polesie,28
360,23905,Стайл_Айкон,ralinashop,28
361,31998,Канцмаркет Плюс,kmp,28
362,15815,Barbie,barbie,28
363,43141,Праздник BUM,prazdnikbum,28
364,79635,Приключения мегащенков,priklyucheniyamegashchenkov,28
365,82954,Кукольная история,dollstory,28
366,76506,Карусель и Ко,respektstr,28
367,15798,История Игрушек,igrushki,28
368,12599,Best LIFE,adn222-1,28
369,16286,Trivia Shop,triviashop,27
370,17598,Распродажа остатка,ibaby,27
371,42558,KIDIS,kidis,27
372,39292,Hobwarts,hobwarts,26
373,28223,EASYA,easyshoping,26
374,23734,Toy's Express,toysexpress,26
375,67514,ZAиграйся,zaigra,26
376,40301,Timon,timon,26
377,4546,"Издательство ""Учитель""",uchitel,26
378,6108,"""Toys Planet""",toysplanet,26
379,79638,T-RACERS MIX 'N RACE,tracersmixnrace,26
380,23275,Кислотный угар,ugar,26
381,14203,Манга,manga,26
382,86373,Магазин Семи Гномов,s7g,26
383,27010,КАКАО И ЗЕФИРКИ,kakao,26
384,74995,Grace House Игрушки,grace-house-igrushki,26
385,14290,H!T-2,hit-2,26
386,74924,Детский Остров,detostrov,26
387,21695,Лавка Хоббита,lavkahobbit,26
388,15626,Островок игрушек,ostrovok,26
389,19093,Jack&Lin,jacklin,26
390,25608,Балачак,balachak,25
391,38460,ПроИгрушки,proigrushki,25
392,12191,ЛАВКА ПОДАРКОВ И СУВЕНИРОВ,suvenirnayalavka,25
393,5982,Asian Store,asianstore,25
394,32440,MYTOP,mytop,25
395,63381,Favourite Toys,favourite-toys,25
396,60865,Лиза,lizik,24
397,19419,ПЕЛИКАН,pelikan,24
398,21823,СувенирК0,suvenirk0,24
399,7225,Teenager,teenager,24
400,37402,Melek shop,melekshop,24
401,9424,Дрофа-Медиа,drofa-media,24
402,86571,Что наша жизнь? ИГРА,lifeisagame,24
403,76924,Happy Makers,happymakers,24
404,14036,Мамина Радость,maminaradost,24
405,59992,Мульти-Пульти,mylti,24
406,23964,"Много игрушек ToYs Детские игрушки куклы, машинк",toys-,23
407,46105,Росигрушка,rosigrushka,23
408,73859,Солнечное лето,solnleto,23
409,8055,ROXY-KIDS,roxy-kids,22
410,37685,By Melissa,bymelissa,22
411,67495,ШЕСТОЕ ИСКУССТВО,sixthart,22
412,25604,Ural Toys,uraltoys,22
413,29340,My Honeybunch,my-honeybunch,22
414,21968,COSE-store-KA,csk,22
415,37502,Lucky Home 43,luckyhome43,22
416,59118,Milsaya kids,milsayakids,22
417,45661,letSMILE,letsmile,22
418,38598,GELMER LTD.,gelmer,22
419,24047,Must Have Russia,musthaverussia,22
420,8601,MasterМыла,mama-on-line,22
421,63608,Умные игры,ymnay-igra,22
422,51712,Unicorn shop,unicornshop,22
423,82420,3д стиль,3dinnovate,22
424,25524,Best for kids,bestforkids,21
425,11488,Happy kid,happykid,21
426,22550,POSH-DETKI,poshdetki,21
427,61182,Raneliya,liya23,21
428,78728,Велас,velesstore,20
429,17932,Детские мечты,dreamkids,20
430,38267,Panda Land Kids,pandalandkids,20
431,80668,Ладушки,1234ghj,20
432,38501,mobilike,mobilike,20
433,20142,BEZUS,0808,20
434,83401,ООО Карандаш,89637110483-karand,20
435,78509,RUSH CONTROL,rush-control,20
436,23257,Cifromarket,cifromarket,20
437,44983,KIDOMI,kidomi,20
438,26660,Мягкий друг,mygkii-drug,20
439,77789,Nano Shot,nanoshot,20
440,28707,Pandi Toys,panditoysru,19
441,11793,Чадо,chado,19
442,28355,I-dea,i-dea,19
443,21176,Бусенка,busenka,19
444,67078,ToysKazan,toyskazan,19
445,69950,I Tisha,itisha,18
446,63111,"Прицеп-маркет ""ARBA""",pricep-market-arba,18
447,46568,Томи,tomi,18
448,14111,РЫЖИЙ КОТ,ryzhiykot,18
449,59644,Тэти,teti,18
450,40971,Fidget Toys,ftoys,18
451,13925,Детские радости,detskieradosti,18
452,27598,Goods 4 you,goods4u,18
453,19246,RUTOYS,rutoys,18
454,50960,АССОРТИ-МАРКЕТ,assorti-market,18
455,43399,GADGET MANIA,gadgetmania,18
456,79253,Канц_Б-си,kansbsi,18
457,40895,Marchello-Gulli,marchello-gulli,18
458,34523,Top-Home,los-angeles,18
459,5107,Шёлковый путь,put,18
460,3833,Эврика,evrika,18
461,50587,Liveseyy,liveseyy,17
462,22629,FOR YOUR HOME,fyh,17
463,28988,STAD Family,stad,17
464,24497,Easy_toys,easytoys,17
465,76895,Детское щастье Share Achive,detmags,17
466,41323,Игромирушка,igro-mirushka,16
467,86229,VEGAMAX,vegamax,16
468,20474,Малыш,nynechka,16
469,43199,Калинка,kalimka,16
470,72398,NatalyaMarket,natalyamarket,16
471,36103,ДЕТСКИЙ МАРКЕТ,detskiymarket,16
472,87257,Детское Время,kids-time,16
473,4277,Kado ,kado,16
474,23270,ТРЕНДОВЫЙ №1,trendovy-1,16
475,21942,RusShop,russhop,16
476,15674,ВЕСНА,vesnaa,16
477,13231,Forward,shopforward,16
478,69707,В мире игрушек,igrushkigde,16
479,13540,LK&OK,lk-ok,16
480,20370,РЕДЕМ,redem,16
481,32678,MassaGooD,massagood,16
482,62763,АКУЛА,akyla,15
483,78920,Just because,justbecause,15
484,34488,Tima_shop,timash,15
485,78635,_Everest_ - _Эверест_,tydasi,15
486,11224,BEST BABY,bestbaby,15
487,29958,Праздник / Festive,festive,15
488,78041,Fashion Sense (Чувство моды),fashonsense,15
489,68009,Animafia,1122332211,15
490,4429,МОЙЗИ,moysey,14
491,2408,Kids ZONE,kidszone,14
492,39968,"ООО ""Смарт""",educa,14
493,6310,LeluToy,lelutoy,14
494,53962,Детская,detskaya,14
495,79791,ChildrensHappiness,childrenshappiness,14
496,72027,Н.Т&Л,htl,14
497,17483,Red Star,redstar,14
498,24371,Ависта,master-spets,14
499,20491,Стрессоустойчивый,nostress,14
500,7290,Mommy and Me,mommyandme,14
501,85010,Радость и счастье,radost-i-schaste,14
502,43475,Лаборатория электронных самоделок,edl,14
503,40281,MAGIC TOYS,magictoys,14
504,59319,$HandMade$,hm02,14
505,77118,MAGNETICUS,magneticus,14
506,14533,MalinA,malina-express,14
507,77995,Акварель,akvarel,14
508,78720,Трикотаж Натали,natali-ru,14
509,19483,leg.toys,legtoys,14
510,15850,Эл.СуперМагн,zinatullina,13
511,26411,Ирис,iriskosmetic,13
512,33709,Toy story,toystory,13
513,71275,Childhood pro,childhoodpro,13
514,40407,Vasilek,vasilek,13
515,13674,Пчелка Ло-Ло,beelolo,13
516,81262,Легенда,leqenda,13
517,21565,Матрешка,matryoshka,13
518,81897,"То, что нужно Вам!",9173592149,13
519,14348,ДоскаБильгоу,doskabilgou,12
520,27272,Радуга игрушек,radugaigrushek,12
521,69118,КрохиШоп.,kroxishop,12
522,1177,Сюрприз,insta-surprisedshariki,12
523,28102,Забавные детки,funby,12
524,9409,Морковка toys,morkovka-toys,12
525,17329,Babyfun-1,babyfun-1,12
526,23259,"Детский магазин ""Катюша""",katusha,12
527,15358,Toyshop,toyshop,12
528,81793,Дружище,friendie,12
529,25405,2FOXES,2foxes,12
530,33315,Gamernia,gamernia,12
531,75482,Welly,welly1,12
532,18816,Мир игрушек №1,9999,12
533,34522,Eto_toysiki,etotoysiki,12
534,36678,Остров Детства,ostrovdetstva,12
535,19979,HOME LAVKA,homelavka,12
536,27735,Kitty,little-kat,12
537,1543,Две мартышки,monkey,12
538,26233,ИмперияКанц,imperiyakanc,12
539,37710,МИР ЗАБОТ,mirzabot,12
540,35935,Игрушки развивашки,igrushkirazvivashki,12
541,57867,SHOP EF,shopef,12
542,31162,HANDIWORK,handiwork,12
543,19128,POP IT SHOP,popitshop,12
544,17902,CUTE SHOP,cuteshop,12
545,17435,Gamecuber,gamecuber,12
546,28524,TWINS CLOTHES,babyclo,12
547,21658,LICHI,lichi,12
548,72956,Знание-сила,555-555,12
549,7779,Промокод,promokod,12
550,29603,Липландия,liplandia,12
551,81913,РАНТ трейд FBS,fbs-rant,12
552,24749,Альянс-швейная фурнитура,aliance,12
553,21830,ZobbiStore,191186mark-030889,12
554,79639,Pinky Promise,pinkypromise,12
555,25687,ТИГРА,tigra,12
556,43188,МАЛИНКИ,malinki,12
557,38594,МылкоШа,mylkosha,12
558,846,*Лапушки* - вязаный мир для малышей,lapyshki,12
559,33913,"Детские игрушки для развития ""Live Baby""",livebaby,12
560,81255,ANKIBET,ankibet,12
561,17607,P-A-N-D-A,p-a-n-d-a,12
562,233,GolD CoiN,gold-coin,12
563,79461,STREFFOS,streffos,12
564,80,ALI store,alistore,12
565,74124,TavernOfThings,tavernofthings,12
566,83622,LIVVI,livvi,12
567,66937,Sunlion,sin,12
568,23178,Trust Shop,trust,11
569,81993,Glamyyyy,glamyyyy,11
570,28487,techno_room,technoroom,11
571,334,Luna,luna,11
572,35301,Планета Вещей,2283,11
573,2177,Умный ляль,umnyilal,10
574,65794,Мои Деревянные Пазлы,derevopazlu,10
575,84366,little_things,little-things,10
576,74954,AmurBabyMarket,amurbabymarket,10
577,21133,Mapacha,mapacha,10
578,25960,ИГРОЛЭНД,igrolend,10
579,14334,Disney Market,disneymarket,10
580,71432,СТМ,mmstm,10
581,2476,AlisaBit,alisa-bit,10
582,27158,Элиса,elisa,10
583,26384,Щенок,dog,10
584,68876,РАКЕТКА,raketka,10
585,20148,Детские Товары со Знаком Plus,plusnew,10
586,48651,Робо Конструктор,robodesigner,10
587,55895,Best Toy,besttoy,10
588,7357,Arolan Kids,arolankids,10
589,77467,ТВОЙ ШОП,tvoyshop,10
590,20276,AliliA kids,aliliakids,10
591,71087,Хевель,hevel,10
592,25646,"Фабрика деревянных игрушек ""КубиГрад""",kubigrad,10
593,36462,EcoPazl,ecopazl,10
594,24226,RaLiToys,rallitoys,10
595,33952,My Baby Love,mybabylove,10
596,12072,Мир детства,children,10
597,43250,Родионова Наталья,rodioovaknit,10
598,53026,ВРЕМЯ- ДЕТСТВО,time-deti,10
599,3737,Уют Дома,yuterra,10
600,75357,Somebox,somebox,10
601,22416,ИП Иванова Ирина Алексеевна,ivanovairinaalekseevna,10
602,85273,Плутус,plutusshop,10
603,21358,Ava Art,avaart,10
604,25598,MIR DETSTVA,mirdetstva,10
605,15348,Anvar,anvar,10
606,49470,Мистер Деревяшкин,derevjchkin,10
607,80703,"Развивашки, подарки, и игрушки_Б-си",razwbwitije,10
608,28354,ОК-Маркет,okm,10
609,21143,LineShop,lineshop,10
610,71014,Tami_toyss_tmz,tami-toys-tmz,10
611,126,GRAND-BOX,grand-box,10
612,18236,Cyber Tech,cybertech,10
613,15122,ЛИЛЛО,lillo,10
614,40215,ДаВита,davita,10
615,82458,KyZZma,kyzzma,10
616,1268,Smileshop,smile,10
617,30470,"ПРОИЗВОДСТВЕННАЯ КОМПАНИЯ ""ЕРМАГ""",ermag23,10
618,20344,POPTOYS,poptoys,10
619,26623,Smart Best,0116,10
620,3439,TianaKids,tianakids,10
621,45012,KZprod,kzprod,10
622,70010,Sale-Master,sale-master,10
623,72289,Хороший год,horoshiygod,10
624,10369,KNOPA,knopatoys,9
625,24996,ПодарокЭкспресс,podarokexpress,9
626,52162,Детский mix,detmix,9
627,53937,joy-venga,joyvenga,9
628,24146,Makaroff,makaroff,9
629,73695,Trendifу,trendify,9
630,39010,Honey Bunny,honeybunny,9
631,10858,BAMBINI,bambini,9
632,18898,No stress,no-stress,9
633,80224,T&K TEKO,teko77,9
634,18136,VITA UDIN,vita-udin,9
635,82843,Мой_Мир,mmoymir,9
636,65242,Magic Case,magic-case,9
637,76112,Аксессуары%1,acsess1,9
638,2417,ТАРГЕТ,remaxkazan,9
639,28577,CHO CHO,cho-cho,9
640,22897,BarDuck,barduck,9
641,42081,Vallu,vallu,8
642,27968,КАРТОФАН,kartofan,8
643,15630,Жирафики,zhirafy,8
644,70947,Везучий малыш,lucky-kid,8
645,36019,Милимон,milimon,8
646,36170,Дарите радость!,daryte,8
647,9299,ХАB.ZE,xabze,8
648,69533,Naffany,naffany,8
649,13817,IGROLAND,igroland,8
650,40759,АККУЛА,akkyla,8
651,1016,Happyland,happyland,8
652,33156,MIRABELLA,mirabella,8
653,35107,ДЕТСКИЕ ИГРУШКИ НОМЕР 1,igrushkinomer1,8
654,22969,GRANAT_KIDS,granatkids,8
655,76079,TM PitStop,tmpitstop,8
656,18171,Ля-ля-лэнд,detka,8
657,36710,BabyBest,babybest,8
658,41071,Игрушечный мир,igrushekmir,8
659,22940,ИгроХозМаг,8899,8
660,17570,Первый-кукольный.рф,firstdollhouse,8
661,76135,BRIO,brio,8
662,66969,N&$,ns2023,8
663,37433,ProToys,protoys,8
664,78285,S&M market,smmarket,8
665,69739,Flowers bows,2643,8
666,16816,ЭВРИКА подарки и удивительные вещи,evruka,8
667,10357,Магазин GFPOWER,gfpower,8
668,24773,store A&I,storeai,8
669,29229,Лавка Творчества,lavka-hobby,8
670,54439,Жизнь в творчестве!,lifeincreativity,8
671,43364,Miki Klaus,mikiklaus,8
672,3467,Lisia for_you,alisia,8
673,57502,Ekaterina Trend,ekaterinatrend,8
674,10299,Хозник,hoznik,8
675,81131,KWAAKS,kwaaks,8
676,34838,товары для дома номер 1,121199,8
677,28119,Ninco,ninco,8
678,34976,HOME MAGAZIN,home-magazin,8
679,34980,ZamZiaLife,zamzialife,8
680,38352,Коробочка_Радости (Joy_Box),joyboxshop,8
681,16764,100000 мелочей,meloch,8
682,8289,Радио-Точка.РФ,radio-tochka,8
683,65313,BashToy,httpsvkcombashtoy,8
684,71193,Razvivashka12,razvivashka12,8
685,30546,ШКОЛО_Вед,schoolved,8
686,77424,РАЗВИВАШКИ ДЛЯ ДЕТЕЙ - ЕГОЗА,egoza-brain,8
687,17998,А - аксессуары,accessories-a,8
688,79637,Звездный отряд,zvezdnyyotryad,8
689,42933,STA FAMILY,stafamily,8
690,4562,Baby Klad,babyklad,8
691,22960,МегаРокс,megarox,8
692,67506,SULTANOV.RU,sultanovstore,8
693,2753,Youth Trend shop,ytshop,8
694,76461,Все нужное Вам,happy777,8
695,22646,BigMarketRu,bigmarketru,8
696,14456,Eliswood,eliswood,8
697,48164,BEST DEPOT,bestdepot,8
698,67129,Skinbeauty,skinbeauty,8
699,81530,Территория Комфорта,terr-komforta,8
700,81389,Найдется Всё,magnit-seller,8
701,43847,Аккош,akkoshtoys,8
702,17346,Центр товаров для всей семьи,centralniy,7
703,25670,Elecтроника и прочее,electro1nik,7
704,11606,MiMi Kids,mimikids,7
705,26717,Perfomance,perfomance,7
706,43121,*Happy Kids*,heppykids,7
707,3856,Holy Day,holyday,7
708,1516,Family Room,familyroom,7
709,76466,Мемограм,memogram-games,7
710,49595,Baraka Trade,barakattrade,7
711,3237,Wood Style,woodstyle,6
712,371,TATGEAR,tatgear,6
713,21820,MAGIALAZERA,magialazera,6
714,26996,KLADOVOCHKA,kladovochka,6
715,48787,"ДЕТСКИЙ МИР - магазин детских товаров, развивающих игр и игрушек.",detskijmir,6
716,32216,Ижевская фабрика игрушек,httpswwwinstagramcomizhevskieigrushkihlru,6
717,69388,Фабрика качества,fabrikakachestva,6
718,9435,Все для спорта и не только,sportturizm,6
719,34020,Kids IQ,kidsiq,6
720,80642,Live style,livestyle,6
721,83385,ВЕНЕЦИАНО,veneziano,6
722,54209,LALA KIDS,lalakids,6
723,15695,Jujui,jujui,6
724,596,Zebra,ortoped-116,6
725,24367,С миру по нитке,pryazha,6
726,46854,Гарипули,garipuli,6
727,16777,Just shop,justshop,6
728,58431,Alfa Studio,alfastudio,6
729,37357,ShopOfHelen,shopofhelen,6
730,23140,Лучший выбор,thebestchoice,6
731,361,Ай-Арзан,taraf,6
732,37829,Baby Timka,babytimka,6
733,37686,Cеверное сияние,severnoesiyanie,6
734,63615,Gleam&Glam,gleamglam,6
735,5787,ТиМа Kids Play,timakidsplay,6
736,45057,ИГРОМИРНЫЙ,igromirniymagazin,6
737,30964,"Детский магазин ""Мир игрушек""",mirigrushek-kids,6
738,37726,Magic things,magicthings,6
739,40698,G_Market,gmalll,6
740,27003,Bambino Shop,bambinoshop,6
741,3746,CarKit,carkit,6
742,2491,Waitomo,waitomo,6
743,16976,GoldPanda,goldpanda,6
744,25652,FAROhome,farohome,6
745,356,Agifta,agifta,6
746,73003,SHARM SHOP,sharmshop,6
747,14980,экономь,iconom,6
748,36262,Образ жизни,lifean,6
749,44924,TREND MAG,trendmag2003,6
750,15810,BABY LOFT,babyloft,6
751,45353,CENT,cent,6
752,6057,Ассорти - все что нужно,assorti-vs-23,6
753,42586,Constance,constance,6
754,32665,Все для дома и быта,vcedlyazhizni,6
755,11930,FamilyGoods,familygoods,6
756,73727,My Fuzzy Friends,myfuzzyfriends,6
757,81129,Mystery Ballerz,mysteryballerz,6
758,25072,Домовёнок,domovenok1,6
759,18912,WOODY,podarkimalisham,6
760,13843,КИНДЕР-ЧИТАТЕЛИ,kinder-readers,6
761,22787,ОПТОРИНГ,optoring,6
762,31102,Медовик,medovik,6
763,53702,Коробочка,korobochka,6
764,76475,KidsToyShop,kidstoyshop100,6
765,45551,Smart Baby,smartbaby,6
766,25389,KidsJoy,kidsjoy,6
767,73608,Glo-Up Girls,glo-upgirls,6
768,44179,Dolodom_Official,dolodomofficial,6
769,27324,Veidi Toys,veiditoys,6
770,30094,Плюшевый мир - магазин мягких игрушек,plushmir,6
771,3406,Красота и Порядок,kip,6
772,25144,Cortez Company,cortezcompany,6
773,27152,aGme,agme,6
774,22627,INNU,innu,6
775,12355,Energy Life,energylife,6
776,13403,Головоломки,dri,6
777,69747,Прямой Контракт - Официальный магазин,dcontract,6
778,16922,A.M.A Dream,amadream,6
779,4133,Umnica toys,umnicatoys,6
780,69333,Тионис,tionis,6
781,55544,Mr. House,mrhouse,6
782,6206,ОтЛиЧнИк,kt,6
783,13667,РосЗетка,roszetka,6
784,19789,ДетМаг,children-shop,6
785,74333,Master IQ²,tmmasteriq,6
786,8417,ПИФАГОР,pifagor,6
787,58221,ArtMane,artmane,6
788,24657,Четыре глаза Татарстан,http4glaza-tkru,6
789,10931,"Канцтовары в школу, офис и подарки ""КанцЛэнд""",kancland,6
790,27276,Жу-Жа,21262409,6
791,65330,ИЗДАТЕЛЬСТВО АЙРИС-ПРЕСС,airispress,6
792,49913,Для детского творчества,dlyadetey,6
793,26002,Экият_store,ekiyat-store,6
794,75381,Горошек,goroshekland,6
795,13844,Shurum Burum,shurumburum,6
796,39877,Regin_toys,regin-toys,6
797,37372,ЭМИЛЕК,likelim,6
798,13866,Krasotka-ya,krasotka-ya,6
799,26119,ГНУ/Линуксцентр,linuxcenter,6
800,4565,house holding,householding,6
801,37833,AnotherStore,anotherstore,6
802,81514,ТМ Paw Patrol,pawpatrolbrand,6
803,83620,Идея и точка,6003988,6
804,22194,How to Home,hth,6
805,43119,NVHome,nvhome,6
806,22385,Keelife,keelife,6
807,14330,СТЕЛЛАЖИМ,stellazhim,6
808,39013,Polly Toys,pollytoys,6
809,31220,Товары для детей,allforkids,6
810,21714,SIVOLAP OLGA,olga,6
811,80662,MIEGO IGRUSHKI,miegoigrushki,6
812,20891,Мир подарков,maygli,6
813,19397,Популярные игрушки,poptous,6
814,81303,CrazyToys,crazytoys,6
815,347,Beautiful Angel,beautifulangel,5
816,74354,ДомСнаб,domsnab,5
817,17239,fun4kids,fun4kids,5
818,16687,Arinka mandarinka,arinkamandarinka,5
819,40079,ВЕЛЕС.,velec,5
820,37811,-P&M-,p-and-m,5
821,27798,HobbyLand,hobbyland,5
822,46363,KIDS PRO,kidspro,5
823,25590,KLOS-MATROS,klos-matros,5
824,46190,1000 нужных вещей,1000nv,5
825,39091,Razzzrabotki,sima-land013,5
826,78372,OSTARA,ostara,5
827,35039,Топ Маркет,top-market,5
828,11746,КАЗАН ЗОО,kzoo,5
829,62780,BAZAR.TOYS,bazartoys,5
830,79500,The Every Home,theeveryhome,5
831,74026,SevensTree,seven,4
832,9872,Raduga Kids🌈,radugakids,4
833,25069,BabyBoss,bbtoysru,4
834,8927,molmaxwood-toys,molmaxwoodtoys,4
835,36433,Деревянные бочонки,woodenkegs,4
836,30956,ProstoPodari,prostopodari,4
837,12450,TroPikanta,tropikanta,4
838,691,World of Wonderfull,wonderfull,4
839,36515,Rich Baby,blondos,4
840,24091,Happy Babу,happybab,4
841,19818,"Oh, happy baby!!",ohapybaby,4
842,12040,Tati Toys,tatitoys,4
843,43612,INZI,inzi,4
844,17004,ФИНДЛЕЙ,find,4
845,874,AKUNA,akuna,4
846,21929,My Family,myfamily,4
847,36822,Naruto anime,narutosaske,4
848,20922,Берилл,berill,4
849,16951,Albedo,albedo,4
850,8625,Kids Store,kidsstore,4
851,37247,Луна,luna1,4
852,79634,Snatcher Gun,snatchergun,4
853,31874,Волшебный ларец,ailove,4
854,67064,Улица игрушек,toystreet,4
855,25113,Лучшая Цена,bestorder,4
856,14479,AkToys,aktoys,4
857,15654,Пламенный мотор,plamennyymotor,4
858,19917,DANILOV,danilov,4
859,33246,На РАДОСТЬ всем,8984,4
860,19538,Магазин детских игрушек СОЛНЫШКО,solnyshko,4
861,75055,Клёвый,klev012,4
862,47992,CuteToys,cutetoys,4
863,55147,Chinchilla,chinchilla,4
864,57316,АРТОФ,art99,4
865,7417,Приглашаем в сказку,y-skazki,4
866,26475,Little dream,little,4
867,80558,Fisher Price,fisherprice,4
868,70817,Детский магазин игрушек “Мир фантазии”,fantasyworld1,4
869,36726,Товары ручной работы,miracle-shop,4
870,7743,FBoom,fboom,4
871,49515,Baby-буль,baby-bul,4
872,1569,SAVA,savashop,4
873,52759,Дом /быт,baby52,4
874,71269,Галактика Игр,galaxygame,4
875,11218,Carrera,carrera,4
876,14114,HEY SISTER,heysister,4
877,26172,Сундук,sundukshop,4
878,20908,Arslan Shop,arsshop,4
879,20451,S-CLUB,sale-club,4
880,26678,ToyForYou,tofy,4
881,24346,БЕРУ!,dailyshopping,4
882,31734,RU RU,rurushop,4
883,40850,Sun Glare,sunglare,4
884,34590,Merry Moments,merrymoments,4
885,74085,LESA_child,lesachildshop,4
886,30606,НазарЪ,nazar,4
887,48106,RED PRICE,redprice,4
888,7619,Joko,joko,4
889,72767,Litthings,litthings,4
890,35384,TOYSTORE - магазин интересных игрушек,toystorekzn,4
891,21996,S - TEKS,s-teks,4
892,69597,MAA,maa,4
893,58866,AERshop,aershop,4
894,13634,Babylife,babylife116,4
895,35088,Unicorn House,unicorn-house,4
896,14469,Кмаркет,kindermag,4
897,60416,Quick Brick,quickbrick,4
898,42,In Style,instyle,4
899,24470,Колибри-АРТ,kolibri-art,4
900,15780,SVDor,svdor,4
901,2276,Деревянные конструкторы Жива,zhiva,4
902,84598,Home Haven,home-haven,4
903,76871,Про Сон,pro-son,4
904,78628,Disa-Shop,disa-shop,4
905,21959,Wood-you-love,wood-you-love,4
906,28028,Mignonette,mignonette,4
907,15673,НАША ИГРУШКА,nashaigrushka,4
908,30806,Pretty Mania,prettymania,4
909,29367,Самолет74,samolet74,4
910,20396,TRENDSHOPP,trendshopp,4
911,83420,ЭПОХА ЧУДЕС,14092016,4
912,24505,Milka,marmi,4
913,15803,Квалиа,kvalia,4
914,5230,Super01,super01,4
915,13847,Masteroff,masteroff,4
916,5600,Armoire,armoire,4
917,33849,KvaDrat-CASE,kvadrat-case,4
918,12616,Lidrey_toys,lidreytoys,4
919,26807,Toys for kids,toysforkids,4
920,24960,Яркий Цвет,kidsparadise,4
921,46502,Marchela kids,marchelakids,4
922,76405,KRASON,krason,4
923,20488,Softy World,softyworld,4
924,2457,ForeverYounggi,foreveryoung,4
925,43172,QuickShop,quickshop,4
926,72977,ТехноИмперия,technoimperia,4
927,30871,Головоломка,golovolomka,4
928,9736,Family.TanDem,famtd,4
929,22312,"""КотёнОК"" товары для малышей и одежда для детей",kotenok,4
930,11401,Brainstorm,brainstorm,4
931,29810,Firewood_NK,firewoodnk,4
932,26305,Flower yard decor,floweryarddecor,4
933,66616,StepPuzzle,stepp,4
934,42683,4sun,4sun,4
935,73337,MINNI,minni,4
936,16853,Zumaka Toys,zumaka-toys,4
937,43617,ATM-Technologies,atmtec,4
938,67732,ALBA.,nailsalba,4
939,17412,Товары для бизнеса,businesstovary,4
940,22389,GipArt_Shop,gipartshop,4
941,17766,Медиа Арт,solaris-led,4
942,1461,Счастливая Страна,happylandshop,4
943,77448,Греча,grecha,4
944,78779,G&S toys,gstoys,4
945,4214,TESTPLAY SHOP,testplayshop,4
946,35036,Зайчик Федя,fedor,4
947,7581,Raffe,raffe,4
948,60374,BelMondо,belm,4
949,20725,UMMA-LAND,ummalandcatalog,4
950,16357,ЮНЛАНДИЯ канцтовары,ulandia,4
951,21482,Лавка Радости,lavkaradosti,4
952,76794,Два раза Ку!,moai,4
953,76533,diMoll,dimoll,4
954,5365,IQ KIDS,iqkids,4
955,15817,Томик,tomik,4
956,75792,КанцБум,kancboom,4
957,81340,ТМ BertToys,berttoysbrand,4
958,20281,Товары для дома за 1 день,tovari-dlya-doma,4
959,13934,Улыбка,ulybka,4
960,36275,SITARAM,sitaram,4
961,11652,major.town,majortown,4
962,34374,Волшебное Дерево,volshebnoe-derevo,4
963,56254,GAMgroup,gamg,4
964,10662,ProТехно,protech20,4
965,32924,DENC,denc,4
966,77193,L.V.,lvira,4
967,53572,Kid Toys,kidtoys,4
968,76971,MegaStor,megastor,4
969,24977,LAYTO,layto,4
970,42271,PARADISE HOME,paradisehome,4
971,971,"MadGeek - аниме магазин фан-атрибутики, гик-шоп",madgeek,4
972,64056,Toys116,toys116,4
973,20824,AzShop,azshop,4
974,12983,Poluna,poluna,4
975,39155,Fashion Flowers,fashion-flowers,4
976,79708,ТаТ-116,tat-116-kzn,4
977,19597,Stay Home,stay-home,4
978,27604,Full House,fullhouse,4
979,21129,Angel Collection,angelcollection,4
980,79759,G&S home,gshome,4
981,29542,Aleri,aleri,4
982,60056,Между-мирами,animestore1,4
983,85490,Бричка с подарками,brichkas,4
984,6401,Раста,rasta,3
985,17707,Family joys,familyjoys,3
986,78398,Candle Dreams,candledreams,3
987,14720,ВАША УЛЫБКА,healthandentertainment,3
988,57598,DETKII,alinenok,3
989,22885,Craft World,craft-world,3
990,17003,Economic,economic,3
991,80741,Bellis,bellis,3
992,35756,Купи меня,kupimenya,3
993,3272,Trudovik,trudovik-ru,3
994,36763,Kid's Style,kidsstyle,3
995,20165,Лайтли,lightly,3
996,44005,•EveryDay•,opt1,3
997,13703,4FRAU,frau4u,3
998,752,Good Shop,goodshop,3
999,32328,Amicis,amicis,3
1000,17567,BORKO,borko,3
1001,12931,CarStoris,carstoris,3
1002,6343,HomeLand,homeland,3
1003,62744,LadysBag,ladysbag,3
1004,9160,Топовые тренды,toptrends,3
1005,39344,Интернет-магазин ProDom,internet-magazinalva,3
1006,78048,ULTrade,ultrade,3
1007,10384,SalutemE,salutem-e,3
1008,12764,BoxToys,boxtoys,3
1009,11891,baby toys,babytoys,3
1010,40361,PLUSHKINY,plushkiny,3
1011,3892,Bloom FAIR Shop,bloomfairshop,3
1012,73498,Tim,tim05,3
1013,65241,Katrine,kotikru,3
1014,28954,SharikSHARk,sharikshark,3
1015,72784,RElvin,relvin,3
1016,53260,ЕТ - Electronic Tools,eltools,2
1017,33557,The world of packaging,theworldofpackaging,2
1018,44585,BABY B0N,httpsinstagramcombabybontoysaznutmmediumcopylink,2
1019,3911,Мастерская LaserDesign,laserdesign,2
1020,41686,Mirakids,mirakids,2
1021,30243,Little prince toys,littleprincetoys,2
1022,30162,Toy & Hobby,toyhobby,2
1023,43519,СОФТИМС,softims,2
1024,73916,Safimarket,safimarket,2
1025,47889,faneramarket,faneramarket,2
1026,38157,ЗефиркаШоп,zefirkashop,2
1027,25961,Папа Kарло,baraholka,2
1028,15601,Sova Toys,sova-toys,2
1029,38619,NeoMaster,neomaster,2
1030,39543,Игрушки из дерева,woodentoys,2
1031,61559,Jasmine toys,jasminetoys,2
1032,1105,Funny_bunny,funnybunny,2
1033,29678,Boom kids,boomkids,2
1034,42641,HanKids,hankids,2
1035,24849,FoxyKids,foxykids,2
1036,4831,GR,gr1,2
1037,32278,Life is Good,lifesgood,2
1038,30477,ПОКУПКА,pokupka,2
1039,16596,Baby-Trade,baby-trade,2
1040,8313,maAGUma,maaguma-kids,2
1041,35170,Улица Сезам,sezam,2
1042,79579,RAMZES,ramzes,2
1043,15165,Paperforhappy,paperforhappy,2
1044,41700,Мне это надо,shop116716,2
1045,45022,Dragon,magazin-dragon,2
1046,20350,БлагShop,charityshop,2
1047,43845,PodarokDrugu,podarokdrugu,2
1048,11436,MIXX КИБЕТЕ,mixxkibete,2
1049,23741,AIO,aio,2
1050,69565,Щелкунчик,shelcynchik,2
1051,46869,Concept18,st1x,2
1052,2195,Xiaomi Mi Store,xiaomi,2
1053,11132,ПРОКОНТАКТ,procontact,2
1054,1409,OVO smart ,ovo-smart,2
1055,20095,MUZHIGOOF,muzhigoo,2
1056,25104,Watermelon,watermelon,2
1057,32685,_KAZAN&HOME_,kazanhome,2
1058,74598,Всё в Dом,vsedom,2
1059,6138,Oblivion,oblivion,2
1060,30912,MayKa,mayka,2
1061,35716,Играйка-развивайка,igra12,2
1062,14053,Лидер,httpsbusinesskazanexpressrusellerfinances,2
1063,24819,Babytron,babytronkazan,2
1064,37361,MkM market,mkm74,2
1065,11091,Балалар,balas,2
1066,33700,ПОЧЕМУЧКА,pochemuchka,2
1067,10235,Sunny Kids,sunnykids,2
1068,28681,Когос,kogos,2
1069,14768,DreamCar,dreamcar,2
1070,79038,Amazwood,amazwood,2
1071,15585,SUPERигрушка,supertoy,2
1072,14464,Aisha,aisha,2
1073,3873,Car Store,carstore,2
1074,44036,КуZнечик,kuznechik,2
1075,15617,Sакurа,sakura1,2
1076,36434,Масштабная Лавка,scalelavka,2
1077,60358,OCEAN OF TOYS,oceanoftoys,2
1078,51470,ИЛЮШКА,ilushka,2
1079,86626,OasisMarket,oasismarket,2
1080,35946,Cooltoys,cooltoys,2
1081,4326,top-shop365,topshop365,2
1082,40470,Scalextric,scx,2
1083,5020,Barakat,barakat,2
1084,35729,yaem,yaem,2
1085,55101,Cyber System,jhonconnor,2
1086,44642,Детская улыбка,detskayaulibka,2
1087,18431,navalom shop,navalomshop,2
1088,39268,Магазин Health,be-health,2
1089,21856,EvniKa-kids,evnikakids,2
1090,43686,Useful and good things,uag,2
1091,32979,Office World,officeworld,2
1092,24608,Детский мир,dmir,2
1093,18098,LiLY A&B,lily-ab,2
1094,27628,Min Fir,minfir,2
1095,25769,Магазин Тимур и его команда,1984,2
1096,81547,DIKIY Digital,dikiydi,2
1097,27408,Спиннер,rspinner,2
1098,5803,Papa Kupit,papakupit163,2
1099,21675,Боннет,bonnet,2
1100,1370,Бантик,bantik,2
1101,31377,Ri&Ru,riru,2
1102,43379,AliShop,httpsbusinesskazanexpressruseller27429productsall,2
1103,27789,KLshop,klshop,2
1104,43889,Baby_shop,baby-shop,2
1105,13588,DANSHOP,dan-shop,2
1106,25271,MIXBRO,mixbro,2
1107,38196,Stylish Store,stylishstore,2
1108,35152,LavrToys,lavrtoys,2
1109,42821,needful,needful,2
1110,27950,мой лучший магазин,luchmag,2
1111,521,Baby world,babyworld,2
1112,20085,Fresh X,freshx,2
1113,38288,Бижутекс,bijutexx,2
1114,44884,Любимые товары,lubimietovari,2
1115,17961,But,tet,2
1116,83836,Очень нужный магазин,ochennuzniimagazin,2
1117,45645,Танго,tango,2
1118,56383,Татьяна,tat,2
1119,70790,Дарю Радость,rezerv1,2
1120,12707,FamilyShop,familyshop,2
1121,43800,Озорник,ozornik,2
1122,28107,THE STORE,thestore,2
1123,28301,PumPurum,pumpurum,2
1124,57061,Твои сохраненки,amaizing,2
1125,26790,Миледи №1,miledi1,2
1126,35977,Фабрика Орхидей,fo,2
1127,2227,Optimus Price,optprc,2
1128,82587,diMoll FBS,dimollfbs,2
1129,81130,Baby Paws,babypaws,2
1130,73650,Club Petz,clubpetz,2
1131,41043,Полезная страничка,vsezdes,2
1132,32250,Nik Hause trifle,nikhauset,2
1133,9347,Dream Shop,14188,2
1134,75250,Лавка чудесная,lavkachudo,2
1135,46753,SOCOLOR,socolor,2
1136,45689,Трендики,trendiki,2
1137,17404,СказкаДом,skazkadom,2
1138,45575,Деревяшки FыR FыR FыR,derevyashkifir,2
1139,22934,GoodHome,goodhome,2
1140,15373,ЛеКо - творить легко!,lekohandmade,2
1141,25852,ГОРОД МЕЧТЫ,citydreams,2
1142,34975,НапЁрсток,naperstok,2
1143,69838,Queen,queenk,2
1144,45763,ELMI's,elmis,2
1145,27817,DollsCrown Store,dollscrownstore,2
1146,68386,TOYS,box2,2
1147,16215,Дело рук,deloruk,2
1148,47058,AYLAB,aylab,2
1149,25980,Annabell,annabell,2
1150,18601,"СлаСть -конфеты, карамель, шоколад, сладости",slast-,2
1151,24529,DOODAH,doodah,2
1152,12933,AIDIN,aidin,2
1153,3778,Surprise Kids,surprise,2
1154,606,Di shop,di-shop,2
1155,26088,Levitanti,levitanti,2
1156,23395,Хобби и Ты,handmad,2
1157,11678,Авторский проект “Моя Кукла”,kurchaklar,2
1158,29724,ROOMmarket,2001,2
1159,25275,Mr. Ray,mrray,2
1160,35417,Goodness,goodness,2
1161,39332,SUPERDRIVE,superdraive,2
1162,10576,BOGATA STUDIO,konstruktor52,2
1163,13218,B.Market,bmarket,2
1164,39806,Игрушки и Зверюшки,igru,2
1165,41178,СебеБеру,sebeberu,2
1166,21132,Fluffy Family,fluffyfamily,2
1167,32827,Caramelle,caramelle,2
1168,13079,Всешкин,vseshkin,2
1169,32830,FIND56,find56,2
1170,14404,AmiguRoom,amiguroom,2
1171,7670,Magic Kids Store,magickids,2
1172,12638,360,360,2
1173,57152,Мамонтенок,mamontenok,2
1174,31273,Salikhoff Home,salikhoffhome,2
1175,63132,Hyper,hyper,2
1176,80022,Уютный.Дом,domauytno,2
1177,26927,Бижу-Ленд,bilend,2
1178,14246,Life Toys,life-toys,2
1179,30386,Podarki-v-mode,19112016,2
1180,65848,Travel Sport,travelsport,2
1181,33943,Xubba Shop,xubbashop,2
1182,20260,Domarket,domarket,2
1183,44693,LUCKMARKET,luckmarket,2
1184,34059,Вязантия,vyazantiya,2
1185,36180,Супер-Пласт,avangard-plus,2
1186,40511,Box in Box,boxinbox,2
1187,6091,Musicgifts,musicgifts,2
1188,19411,BANAN SHOP,banan,2
1189,33416,MilanaTop,milanatop,2
1190,25301,Радуга Жизни,toysstore,2
1191,37620,Детское Счастье,detschastie,2
1192,79684,ТехноПапа,tehnopapa,2
1193,34596,Ух-ты'шка,uhtishka,2
1194,3920,Milota Toys,miltoys,2
1195,28669,Purple Flame Tokyo,purple-flame-tokyo,2
1196,50065,Альпака - плюшевая и довольная,alpaka,2
1197,717,Мир-Мишек ,mir-mishek,2
1198,8889,J-get,jget,2
1199,32106,То что надо!,povsednev,2
1200,68507,ISLAMtime,islamtime,2
1201,19758,MISTER,mister,2
1202,4074,Busytoys,busytoys,2
1203,34339,Baby space,13-2021,2
1204,17166,Бик Зур Рахмат,bzr,2
1205,71045,ASYLAND,asyland,2
1206,64128,Sovenokshop,sovenokshop7,2
1207,41480,Toy Warehouse,toywarehous,2
1208,45573,Папа пилит,papapilit,2
1209,24429,KINDERO,kindero,2
1210,15660,DREAM MAKERS,dreammakers,2
1211,1707,Laksmi House,wowmt,2
1212,50139,WOODENKING,woodenking,2
1213,18497,_Тюльпан_,tulpan,2
1214,55515,Клякса,kliaksa,2
1215,39202,FunKids,funkids,2
1216,36908,"Happy Art, Decor and Hobby",art-decor-hobby,2
1217,28007,Nellins,nellins,2
1218,29696,Кладовая,kladovaja,2
1219,17737,Ulanik,ulanik,2
1220,48183,Sport XL,sportxl,2
1221,29075,Щепочка,shepka,2
1222,38695,Hobby Day,hobbyday,2
1223,17207,Нужные товары,nugno,2
1224,44766,Liliya,liliyaa,2
1225,26573,Happy ДOMM,happy-domm,2
1226,22160,КАЗАН-ОРГ,kazan-org,2
1227,48473,BiShop,bishop,2
1228,71479,БАЗАР мелочей,bazarmelochi,2
1229,22891,PicNice,picnice,2
1230,19004,Belkaboard,belkaboard,2
1231,27590,Авокадо-Avocado,avocadoshop,2
1232,19567,AliliA Spa,aliliaspa,2
1233,41948,SMART KID,smart-kid,2
1234,26771,Boona,boona,2
1235,74334,ТМ Геодом,tmgeodom,2
1236,77211,Саламаркет,salamarket,2
1237,23090,Мужской Магазин,muzhmag,2
1238,50259,SVOI GAMES_,svoigames1,2
1239,15749,Wolfwiki,wolfwiki,2
1240,34615,tuAsis,tuasis,2
1241,598,УМКА_BaBy,umka-baby,2
1242,43195,HAPPY BABYYY - ДЕТСКИЙ МАГАЗИН,babybaby,2
1243,25900,KidCube,kidcube,2
1244,15627,children's island,childrensisland,2
1245,19413,Utoys,utoys,2
1246,34200,MixGoods,vsehotelki,2
1247,33424,Шняжка,shnjazka,2
1248,42646,Все для деток конфеток.,detkonfet,2
1249,42005,like me❤️,likeme1709,2
1250,25412,Здоровья Клад,wealt-of-healf,2
1251,36768,Альфа и Омега,alfaomega,2
1252,44087,Магазин для всех,magazin5,2
1253,38312,Driver Style,driverstyle,2
1254,27740,Marchela,marchelanewyear,2
1255,27236,ROYAL,royall,2
1256,15023,COSMOSEA,cosmosea,2
1257,28629,4M,4m,2
1258,55553,GENIO KIDS,geniokids,2
1259,17556,Дом комфорта,domcomforta,2
1260,55530,Just a commodity ( Просто товар ),just-commodity,2
1261,43338,"""AMIRA""",amiraa,2
1262,11680,RALF kids store,ralfkidsstore,2
1263,31033,ELISSONT,elis-son,2
1264,63982,Всё Market,vseemarket,2
1265,41160,MIRALINE,miraline,2
1266,73998,ArtMane Kids,artmanekids,2
1267,12274,Молл,mall,2
1268,29976,У Марата,u-marata,2
1269,30461,Tiny Tiger,tinytiger,2
1270,69199,КанцлерON,kansleron,2
1271,23619,ТимКа,timka,2
1272,16405,ПЧЁЛКА,pchelka,2
1273,22371,Маск-Бар,mask-bar,2
1274,76750,Achive,vsem2nado,2
1275,50023,BestFamily,bestfamily,2
1276,25337,Позитиf,pozitif,2
1277,20859,ZUZiplay,zuziplay,2
1278,28094,Игро_Мания,gamer,2
1279,25475,HOMEMALL,homemall,2
1280,54102,Счастливые дети,happy-children,2
1281,38210,IZDEREVA,izdereva,2
1282,29811,Умняшка,umnayshka74,2
1283,42811,девчачий рай,girlyparadise,2
1284,75195,"ООО ""ВИЛИНА""",vilina,2
1285,22988,INNSTAR SHOP,innstar,2
1286,44765,Many Goods,manygoods,2
1287,14592,BeautyCenter,beautycenter,2
1288,27703,rich-store,forkids1,2
1289,11428,MaryCat,marycat,2
1290,26403,PLANET,planet,2
1291,20339,ИП Шагиахметов,shagiahmetov,2
1292,76038,Снупик,snupik,2
1293,13970,Смайлик,smileshop,2
1294,20964,Ортоша,ortosha,2
1295,9678,AllShop,allshop,2
1296,16399,KINE,kine-kine,2
1297,77974,ГаммаЛавка,gammalavka,2
1298,21890,Всё по карману!,karmanu,2
1299,33153,Без занозки,bez-zanozki,2
1300,4744,ДивоДерево - мастерская декора и подарков,divoderevo,2
1301,18486,MOMMY,mommy,2
1302,38109,Биба и Боба,bibaboba,2
1303,15000,FORNAILS,fornails,2
1304,2633,Карапуз,karapuz16,2
1305,71910,"ООО ""РАНТ трейд""",rant,2
1306,23908,Магазин деревянных игрушек Smarty,smartykids,2
1307,22235,Малыши,malishi,2
1308,64797,ТМ «Капитошка»,tmkapitoshka,2
1309,17009,FORTUNA,blagota12,2
1310,31351,Уют Маркет,umarket,2
1311,25342,SuperSet,superset,2
1312,32380,Dorian's debut,doriandebut,2
1313,30569,ХозМаркетГранд,hozmarketgrand,2
1314,9551,Твой счастливый ребёнок,your-happy-baby,2
1315,7252,FLOP CRAFT,flop,2
1316,67178,Domsey,domsey,2
1317,41189,Изобилие,izobilie,2
1318,28875,REAL-Market,realmarket16,2
1319,31778,CamelS,camelstore,2
1320,70471,Комфорт в дом,comfortandhome,2
1321,22115,Мастер-всё для дома!,masterrvk,2
1322,21141,Mary Poppins,marypoppins,2
1323,14930,Приятности,priyatnosti,2
1324,16541,Mr Plastic,plastic,2
1325,24338,Полка с игрушками,polkasigryhkami,2
1326,60529,RK Kids,rkkids,2
1327,67579,Lize,lize,2
1328,20832,Child territory,childterritory,2
1329,35710,"Товары для всей семьи ""Dve_Lady""",dvelady,2
1330,80702,Я творю_Б-си,tworite,2
1331,73824,Магазин от Голованова,maggolova,2
1332,28256,Хочу всё,ho4yha,2
1333,26910,Garden,gardenplas,2
1334,7369,PRESENT KIDS,presentskids,2
1335,20173,Holiday shop,holidayshop,2
1336,37754,ZEMOS R,zemosdeti,2
1337,10671,CHERNIKA,24111978,2
1338,41673,MAlis,malis,2
1339,81515,ТМ Sonic,sonicbrand,2
1340,35845,ACTIVE STORE,activestore,2
1341,38926,CastPlast,castplast,2
1342,18680,Все для дома и не только,vsevdom,2
1343,35830,Parad Planet,20210115parade,2
1344,30092,Стильные подарки,stilpodarki,2
1345,71061,WARM HARBOR,w-habor,2
1346,29525,Mr. Bean,mrbean,2
1347,17966,AIROSTAT,airostat,2
1348,14885,МультиДом,multidom,2
1349,17250,AN home,anhome,2
1350,23094,ISIS HOME,isishome,2
1351,16514,Берёза,b1,2
1352,52266,ХозBoss,hozboss,2
1353,85709,GovorunShop,govorunshop,2
1354,66952,BUY-SHOP,buy-shop,2
1355,71344,3STEPHEN,3stephen,2
1356,80526,Дисмак,dismac,2
1357,39536,Семейный GARDEROB,garderob2022,2
1358,35258,Аmanat,amanati,2
1359,57197,LEAF,leaf,2
1360,32958,Santa Shop Kids,santashopkids,2
1361,36463,Кладовая рукоделия,kladmag,2
1362,75740,Lusdiaz,lusdiaz,2
1363,66727,Годный Secret Shop,godsecretshop,1
1364,26137,EGOZA21,egoza21,1
1365,517,Home it's Me,homeitsme,1
1366,18062,ART-HOUSE,art-house,1
1367,25007,DaLi,dali,1
1368,75689,Nice choice,nice-choice,1
1369,20346,МИР ТРЕНДОВЫХ ТОВАРОВ,trendoshop,1
1370,19772,УспехМаркет,uspehmarket,1
1371,34892,Argo&Navis,argonavis,1
1372,4113,рукодельный,rukodel,1
